Duplication,Code,id,Title,Commentaire,Active,Color,Image,Description,Title_en,Description_en
0,,,,,0-1,1-5 : R G B P Y,,,,
0,,,,,0,,,,,
0,,-1,Égide,SPECIAL,1,5,donjon\v1\items\aegis.png,<b>Survivez</b> avec vos PV de héros.,,
0,,,,,0,,,,,
1,1,1,Main de Midas,,1,5,donjon\v1\items\midas.png,"<b>Exécutez</b> un monstre de puissance 4 ou 5, et ajoutez sa puissance à vos PV.",,
1,1,2,Parchemin de Bahn,,1,4,donjon\v1\items\bahn.png,"<b>Exécutez</b> puis <b>défaussez</b> un monstre, gagnez <b>1 PV</b>.",,
1,1,3,Marteau de guerre,,0,1,donjon\v1\items\hammer.png,<b>Exécutez</b> les <b>Golems</b> et les <b>Squelettes</b>.\n<b>Jet de fuite -1</b>,,
1,1,4,Singe doré,,0,5,donjon\v1\items\monkey.png,"<b>Jet de fuite -2</b>\nAu décompte final, lancez le dé. Gagnez autant de <b>Points de Victoire</b>.",,
1,1,5,Gâteau spatial,,1,3,donjon\v1\items\cake.png,"Lancez le dé. Gagnez autant de <b>PV</b>.\nSur un 1, vous fuyez le Donjon.",,
1,1,6,Couteau Suisse,,1,3,donjon\v1\items\swiss.png,<b>Réparez</b> un de vos objets <b>brisé</b>.,,
1,,7,Sablier occulte,,1,4,donjon\v1\items\hourglass.png,Remettez le monstre sur le dessus du Donjon. C'est au tour du joueur précedent de jouer.,,
1,,8,Coeur de Tarasque,,0,1,donjon\v1\items\heart.png,"<b>PV + 3</b>\nA la fin du tour, si vous avez vaincu au moins 2 monstres, gagnez <b>1 PV</b>",,
1,1,9,Caisse enchantée,,0,3,donjon\v1\items\box.png,"Une fois par monstre, vous pouvez lancer le dé. Exécutez-le si vous obtenez <b>au moins</b> sa puissance. Sur un 1, <b>brisez</b> cet objet.",,
1,1,10,Fléau des liches,,0,4,donjon\v1\items\lich_bane.png,<b>Exécutez</b> les <b>Liches</b> et gagnez 6 PV,,
1,1,11,Enclume instable,,1,3,donjon\v1\items\anvil.png,Volez l'objet <b>brisé</b> d'un autre joueur et <b>réparez-le</b>.,,
1,1,12,Coffre animé,,0,5,donjon\v1\items\chest.png,"Quand un joueur active ou brise un objet, lancez le dé. Sur un <b>6</b>, volez-le et <b>réparez-le</b>.",,
1,,13,Ceinture du Ponceur,,0,1,donjon\v1\items\slayer_belt.png,"<b>PV + 12</b>\nSi vous avez <b>moins de 6 PV</b>, vous ne pouvez pas <b>tenter de fuir</b> le Donjon.",,
1,1,14,Bouclier Golemique,,0,1,donjon\v1\items\golem_shield.png,"<b>PV + 3</b>\nSi vous n'avez pas de <b>Golem</b> dans votre pile,\n<b>exécutez</b> les <b>Golems</b>.",,
1,1,15,Barde,,1,2,donjon\v1\items\bard.png,<b>PV + 3</b>\nActivez pour <b>exécuter</b> un monstre (perdez les 3 PV).,,
1,1,16,Masque Dragon,,1,5,donjon\v1\items\dragon_mask.png,Activez pour <b>exécuter</b> un <b>Dragon</b> puis <b>piochez un objet</b>,,
1,1,17,Bouclier Dragon,,1,1,donjon\v1\items\dragon_shield.png,"Lancez 2 fois le dé, réduisez d'autant les dommages d'un monstre. Quand vous rencontrez  un <b>Dragon</b>, réparez cet objet.",,
1,1,18,Potion de Mana,,1,3,donjon\v1\items\mana_potion.png,<b>Défaussez</b> un monstre de votre pile pour <b>survivre</b> avec vos PV de héros.,,
1,1,19,Kebab revigorant,,1,2,donjon\v1\items\kebab.png,Vous ne pouvez pas activer cet objet avant votre troisième tour de jeu.\n<b>Gagnez 7 PV</b>.,,
1,1,20,Arc enflammé,,0,1,donjon\v1\items\bow.png,<b>PV + 7</b>\nLes monstres de <b>puissance impaire</b> vous infligent 1 dommage supplémentaire.,,
1,1,21,Hache de Glace,hache vorpale,1,2,donjon\v1\items\glass_axe.png,<b>Exécutez</b> un monstre.,,
1,,22,Imprimante,,0,3,donjon\v1\items\printer.png,"Avant d'entrer dans le donjon, choisissez un de vos autre objets. L'Imprimante en devient une copie.",,
1,1,23,Gros boulet,,0,1,donjon\v1\items\ball.png,<b>PV + 7</b>\n<b>Jet de fuite -1</b>,,
1,1,24,Parchemin de Téléportation,,0,4,donjon\v1\items\tp.png,"<b>PV + 2</b>\nA la fin de votre tour, vous pouvez fuir du Donjon.",,
1,1,25,Potion féérique,,1,2,donjon\v1\items\fairy_potion.png,"<b>Survivez</b> avec 1 PV. Si vous rencontrez la <b>Fée</b>, <b>réparez</b> cet objet.",,
1,1,26,Potion de Glace,,1,3,donjon\v1\items\ice_potion.png,La <b>puissance</b> d'un monstre devient <b>0</b>.,,
1,,27,Epée vengeresse,,0,5,donjon\v1\items\vorpal_sword.png,"Avant d'entrer dans le donjon, choisissez un chiffre. <b>Exécutez</b> tous les monstres de cette puissance.",,
1,,28,Dague vengeresse,,0,5,donjon\v1\items\vorpal_dagger.png,"Avant d'entrer dans le donjon, choisissez un <b>type</b> de monstre. <b>Exécutez</b> tous les monstres de ce type.",,
1,1,29,Potion draconique,,1,4,donjon\v1\items\dragon_potion.png,"<b>Survivez</b> avec 1 PV, ou, si vous affrontez un <b>Dragon</b>, survivez avec 9 PV.",,
1,1,30,Pioche de diamant,,1,3,donjon\v1\items\pickaxe.png,"<b>Exécutez</b> un monstre de puissance impaire. Si c'est un <b>Golem</b>, cet objet ne se <b>brise</b> pas.",,
1,,31,Totem d'immunité,,1,5,donjon\v1\items\totem.png,"<b>Exécutez</b> puis <b>défaussez</b> un monstre. Si vous mourrez avec cet objet intact, ne perdez pas de <b>Médaille</b>.",,
1,,32,Ceinture du novice,,0,2,donjon\v1\items\noob_belt.png,"<b>PV + 3</b>\nSi vous n'avez pas de <b>Médaille</b>, ajoutez <b>3</b> à cette valeur.",,
1,1,33,Getas du novice,,0,2,donjon\v1\items\noob_geta.png,<b>PV + 2</b>\n<b>Jet de fuite + 2</b>\nSi vous n'avez pas de <b>Médaille</b> vous pouvez relancer vos jets de fuite (avant de piocher).,,
1,1,34,Livre sacré,,0,5,donjon\v1\items\sacred_book.png,<b>PV + 2</b>\n<b>Exécutez</b> les <b>Squelettes</b>.,,
1,1,35,Pendentif du novice,,0,2,donjon\v1\items\noob_amu.png,"<b>PV + 3</b>\nSi vous n'avez pas de <b>Médaille</b>, <b>exécutez</b> les <b>Gobelins</b>.",,
1,1,36,Anneau du novice,,1,2,donjon\v1\items\noob_ring.png,"<b>Survivez</b> avec 1 PV, OU si vous n'avez pas de <b>Médaille</b>, avec vos PV de héros.",,
1,1,37,Chapeau du novice,,0,2,donjon\v1\items\noob_hat.png,"<b>Exécutez</b> un <b>Orc</b>. Si vous n'avez pas de <b>Médaille</b> et que la prochaine carte est un monstre, <b>exécutez</b> le aussi.",,
1,,38,Cape du novice,,1,2,donjon\v1\items\noob_cape.png,"<b>Exécutez</b> un monstre de puissance <b>impaire</b> ou, si vous n'avez pas de <b>Médaille</b>, <b>exécutez</b> n'importe quel monstre.",,
1,1,39,Patte du Rat Liche,,0,4,donjon\v1\items\rat_lich.png,<b>Exécutez</b> les <b>Liches</b> et les <b>Rats</b>.,,
1,,40,Pomme d'Adam,,1,3,donjon\v1\items\adam.png,<b>Gagnez 3 PV</b>. Consultez secrètement les 3 premières cartes du Donjon.,,
1,1,41,Masque de la Peste,,0,4,donjon\v1\items\pest.png,<b>PV + 3</b>\n<b>Exécutez</b> les <b>Rats</b>.,,
1,,42,Ultime Sceptre,,0,3,donjon\v1\items\sceptre.png,"Au début de la partie, choisissez un adversaire.\nVous avez accès aux pouvoirs de son héros.",,
1,,43,Bouclier du Ponceur,bouclier bourrin,0,1,donjon\v1\items\slayer_shield.png,<b>PV + 2</b>\n<b>Exécutez</b> les <b>Orcs</b>.,,
1,,44,Bécane du Ponceur,,0,1,donjon\v1\items\slayer_bike.png,<b>PV + 6</b>\nVous rentrez en premier dans le Donjon.,,
1,1,45,Platrée de berniques,,1,2,donjon\v1\items\shells.png,<b>Exécutez</b> un monstre et lancez le dé. Fixez vos PV à cette valeur.,,
1,,46,Tatouage maudit,,0,4,donjon\v1\items\tattoo.png,"<b>PV + 6</b>\nA chaque fois que vous obtenez un 1 au dé, <b>perdez 1 PV</b>.",,
1,1,47,Pistolet pirate,,0,1,donjon\v1\items\pirate_pistol.png,<b>Exécutez</b> les monstres de <b>puissance 2</b> et <b>3</b>.,,
1,1,48,Armure en cuir,,0,2,donjon\v1\items\leather_armor.png,<b>PV + 5</b>,,
1,1,49,Cotte de mailles,,0,1,donjon\v1\items\chainmail.png,<b>PV + 4</b>,,
1,1,50,Robe de mage,Parchemin demonique,0,4,donjon\v1\items\mage_robe.png,<b>Exécutez</b> les <b>Démons</b> puis <b>gagnez 5 PV</b>,,
1,1,51,Armure ardente,,0,1,donjon\v1\items\fire_armor.png,<b>PV + 4</b>\nRéduisez les dommages de 5 contre les <b>Dragons</b>.,,
1,1,52,Marteau flamboyant,,0,1,donjon\v1\items\fire_hammer.png,Réduisez les dommages de 4 contre les <b>Golems</b> et les <b>Dragons</b>,,
1,1,53,Marteau d'Eternité,,0,5,donjon\v1\items\eternity_hammer.png,Vous comptez dans le décompte final même si vous mourrez.\n<b>Points de Victoire -1</b>,,
1,1,54,Treize à Seize,,0,4,donjon\v1\items\13_16.png,"<b>Exécutez</b> les monstres de <b>puissance 1</b> et <b>3</b>. Si vous avez un Dragon dans votre pile, <b>exécutez</b> les <b>1</b> et <b>6</b> à la place.",,
1,1,55,Scaphandre,,0,3,donjon\v1\items\scuba.png,Réduisez les dommages de 2.\n<b>Jet de fuite -3</b>,,
1,1,56,Tronçonneuse enflammée,,0,1,donjon\v1\items\chainsaw.png,Perdez 3 PV pour <b>exécuter</b> un monstre.,,
1,,57,Pistolet Laser,,1,3,donjon\v1\items\laser.png,"<b>Exécutez</b> un monstre de <b>puissance</b> impaire. Si la prochaine carte est un monstre de puissance inferieure, vous pouvez l'<b>exécuter</b> aussi.",,
1,,58,Grenade Singe,,1,3,donjon\v1\items\monkey_grenade.png,Renvoyez le monstre dans le Donjon et mélangez le.,,
1,,59,Sceptre Changeur,,1,4,donjon\v1\items\hex.png,"<b>Défaussez</b> le monstre sans le combattre, puis <b>choisissez</b> un nouveau monstre du Donjon à combattre à la place (et mélangez).",,
1,1,60,Tunique classe,,0,5,donjon\v1\items\tunic.png,<b>PV + 4\nPoints de Victoire + 1\nJet de fuite -1</b>,,
1,,61,Trousse de soin,,1,2,donjon\v1\items\heal.png,Gagnez autant de PV que vous venez d'en perdre.,,
1,,62,Armure de mage,,0,4,donjon\v1\items\mage_armor.png,Réduisez les dommages de 5 contre les <b>Liches</b> et les <b>Démons</b>,,
1,,63,Parchemin divinatoire,,1,3,donjon\v1\items\divination.png,"Au lieu de piocher, choisissez une carte à jouer dans le Donjon (puis mélangez-le).",,
1,1,64,Potion d'adrénaline,,1,3,donjon\v1\items\adrenaline.png,"Si vous avez exactement 1 PV, <b>gagnez 10 PV</b>, sinon gagnez 2 PV.",,
1,,65,Bombe pirate,fumi,0,4,donjon\v1\items\pirate_bomb.png,Vous pouvez <b>briser</b> un autre objet pour <b>exécuter</b> un monstre.,,
1,1,66,Anneau de Vie,,0,5,donjon\v1\items\life_ring.png,"A la fin du tour, si vous avez au moins <b>6 PV<b> et tué au moins un monstre ce tour, <b>gagnez 1 PV</b>.",,
1,1,67,Anneau Océanique,,0,2,donjon\v1\items\ocean_ring.png,<b>Exécutez</b> les monstres de <b>puissance 8 et plus</b>.,,
1,1,68,Anneau du Feu,sceptre vampi (nerf),0,1,donjon\v1\items\fire_ring.png,<b>Exécutez</b> les <b>Vampires</b> et <b>gagnez 2 PV</b>.,,
1,1,69,Boomerang mystique,fleau mystique,1,5,donjon\v1\items\boomerang.png,"<b>Exécutez</b> et <b>défaussez</b> un monstre. Si la prochaine carte est un monstre, <b>exécutez</b>-le. ",,
1,,70,Anneau de Glace,,0,4,donjon\v1\items\ice_ring.png,Réduisez les dommages de 1.\n<b>Exécutez</b> les <b>Squelettes</b>,,
1,1,71,Anneau Magique,,0,5,donjon\v1\items\magic_ring.png,<b>Exécutez</b> les monstres de <b>puissance 1</b> et <b>2</b>. Ajoutez leur puissance à vos PV.,,
1,,72,Anneau du Vent,fog potion,1,2,donjon\v1\items\wind_ring.png,Remettez le monstre à la position de votre choix dans le Donjon.,,
1,1,73,Coiffe de sorcier,lame elfique,0,4,donjon\v1\items\sorcerer_hat.png,<b>Exécutez</b> les <b>Gobelins</b> et les <b>Vampires</b>.,,
1,1,74,Délicieuse pizza,,1,2,donjon\v1\items\pizza.png,<b>Exécutez</b> et <b>défaussez</b> un monstre. Fixez vos PV à 6.,,
1,1,75,Crâne du Roi Liche,,0,4,donjon\v1\items\lich_skull.png,<b>Exécutez</b> les <b>Liches</b>. Vous récupérez dans votre pile les <b>Liches</b> vaincues ou défaussées par les autres joueurs.,,
1,1,76,Armure du Roi Liche,,0,5,donjon\v1\items\lich_armor.png,<b>PV + 3</b>\n<b>Exécutez</b> les <b>Liches</b>,,
1,1,77,Torche rouge,torche,0,1,donjon\v1\items\red_torch.png,"<b>Exécutez</b> les <b>Gobelins</b>, les <b>Squelettes</b> et les <b>Orcs</b>.",,
1,1,78,Torche bleue,,0,3,donjon\v1\items\blue_torch.png,<b>Exécutez</b> les monstres de <b>puissance 2 et moins</b>.,,
1,,79,Journal du futur,,0,5,donjon\v1\items\future.png,"Au début de votre tour, vous pouvez regarder secrètement la troisième carte du Donjon.",,
1,1,80,Anneau des surmulots,,0,5,donjon\v1\items\rat_ring.png,<b>Exécutez</b> les <b>Rats</b>.\nGagnez <b>3 PV</b> à chaque fois.,,
1,,81,Boule de cristal,,0,4,donjon\v1\items\crystal.png,"Avant de piocher, annoncez un <b>nombre</b>. Si c'est un monstre de la puissance annoncée, <b>éxecutez-le</b>.",,
1,1,82,Armure Damnée,,0,1,donjon\v1\items\damned_plate.png,<b>PV + 7\nPoints de Victoire -1</b>,,
1,1,83,Fouet du fourbe,,1,4,donjon\v1\items\whip.png,<b>Exécutez</b> et <b>défaussez</b> un monstre. Les autres joueurs qui ont un monstre du même <b>type</b> dans leur pile en défaussent un.,,
1,1,84,Coquillage magique,,1,3,donjon\v1\items\seashell.png,<b>Piochez</b> un nouvel objet.,,
1,,85,Crâne du Nécromancien,purple skull discard from pile,0,4,donjon\v1\items\purple_skull.png,<b>Exécutez</b> un monstre en defaussant un monstre de votre pile de puissance supérieure.\n(un X vaincu vaut 0),,
1,1,86,Feuille éternelle,,0,5,donjon\v1\items\eternity_leaf.png,"<b>Exécutez</b> les <b>Dragons</b> et les <b>Démons</b>, perdez <b>1 PV</b> à chaque utilisation.",,
1,1,87,Elixir de chance,,1,2,donjon\v1\items\luck_potion.png,"Gagnez <b>3 PV</b>. Si vous venez de lancer le dé, vous pouvez modifier le résultat.",,
1,1,88,Armure d'honneur,,0,1,donjon\v1\items\honor_armor.png,"<b>PV + 3</b>\nMême si vous mourrez, vous comptez dans le décompte final avec un score de 4 (pas de modifications).",,
1,,89,Binocles de l'inventeur,,0,3,donjon\v1\items\genius_glasses.png,"Quand vous subissez des dommages contre un monstre, vous pouvez regarder secrètement la prochaine carte du Donjon.",,
1,1,90,Boîte à butin,lootbox,0,3,donjon\v1\items\lootbox.png,"A la fin de votre tour, pour chaque monstre ajouté à votre pile ce tour-ci, vous pouvez lancer un dé. Sur un 6, <b>piochez un objet</b>.",,
1,1,91,Bourse garnie,richesses volees,0,5,donjon\v1\items\purse.png,<b>PV + 3\nPoints de Victoire + 1</b>,,
1,1,92,Katana,,0,1,donjon\v1\items\katana.png,<b>Exécutez</b> et <b>défaussez</b> les monstres de puissance 7 ou plus.,,
1,,93,Lance de silence,,1,3,donjon\v1\items\silence.png,<b>Gagnez 2 PV</b>\nIgnorez le texte d'un évènement ou l'effet spécial d'une carte monstre (un monstre de puissance X devient puissance 0).,,
1,1,94,Pierre d'âme,,0,5,donjon\v1\items\soul_stone.png,"<b>PV + 3</b>\nSi vous avez au moins un Dragon dans votre pile, <b>Points de Victoire + 3</b>.",,
1,1,95,Cœur de Golem,,0,1,donjon\v1\items\golem_heart.png,"<b>PV + 3</b>\nPour chaque <b>Golem</b> dans votre pile de monstre vaincus, reduisez les dommages de 1.",,
1,1,96,Calice du Roi Sorcier,,0,4,donjon\v1\items\chalice.png,"Quand un autre joueur subit 3 dommages ou plus contre un monstre, <b>gagnez 1 PV</b>.",,
1,1,97,Perceuse à brèche,,0,2,donjon\v1\items\breach.png,"Quand un autre joueur subit des dommages contre un <b>Golem</b>, <b>gagnez autant de PV</b>.",,
1,1,98,Lame Draconique,dragon philter,0,5,donjon\v1\items\dragon_blade.png,"<b>Exécutez</b> les <b>Dragons</b>.\nPour chaque <b>Dragon</b> dans votre pile de monstre vaincus, reduisez les dommages de 1.",,
1,,99,Hache Mystique,,1,2,donjon\v1\items\axe.png,"<b>Exécutez</b> un monstre de puissance paire. Si la prochaine carte est un monstre de puissance paire, <b>exécutez</b>-le aussi.",,
1,,100,Armure vivante,,0,2,donjon\v1\items\living_armor.png,<b>PV + 1\nPV + </b>le nombre de joueurs dans la partie,,
0,,,,,,,,,,
0,,,Deuxieme impression:,,,,,,,
0,,,,,,,,,,
0,,,Sceptre du Nécromancien,,1,4,donjon\v1\items\necro_scepter.png,Echangez le monstre que vous combattez par un monstre de votre pile de monstres vaincus.,,
0,1,,Bottes de vitesse,,0,2,donjon\v1\items\speed_boots.png,<b>PV + 2\nJet de fuite + le nombre de cartes dans votre pile de monstres</b>,,
0,1,,Peigne en or,,0,5,donjon\v1\items\golden_comb.png,<b>PV + 3</b>\nChaque <b>Gobelin</b> dans votre pile de monstres vaincus vous rapporte <b>1 Point de Victoire</b> supplémentaire.,,
0,1,,Lampe magique,,0,5,donjon\v1\items\magic_lamp.png,<b>PV + 3</b>\nChaque <b>Démon</b> dans votre pile de monstres vaincus vous rapporte <b>2 Points de Victoire</b> supplémentaires.,,
0,,,Sac à dos scellé,,0,5,donjon\v1\items\safe_bag.png,"<b>PV + 3</b>\nVous ne pouvez pas perdre des monstres de votre pile à cause des monstres, des événements ou des autres joueurs.",,
0,1,,Couronne d'épines,,0,5,donjon\v1\items\crown.png,"Réduisez les dommages de 2, mais subissez au minimum 1 dommage.",,
0,,,Bouillon d'âmes,,1,4,donjon\v1\items\bouillon.png,<b>Exécutez</b> et <b>défaussez</b> un monstre. Remettez dans le Donjon tous les monstres de la défausse.,,
0,1,,Cœur de Dragon,,0,1,donjon\v1\items\dragon_heart.png,"Pour chaque <b>Dragon</b> vaincu par n'importe quel joueur, <b>gagnez 4 PV</b>.",,
0,,,Fil du destin,eye opening potion,1,3,donjon\v1\items\fate_string.png,"Regardez secrètement les 4 prochaines cartes du Donjon, et reposez-les dans l'ordre de votre choix.",,
0,1,,Coffre du Roi Sorcier,,0,4,donjon\v1\items\sorcerer_chest.png,"<b>PV+ 3</b>\nQuand un joueur meurt, lancez un dé pour chacun de ses objets. Sur un 6, vous le récupérez.",,
0,,,Elixir de curiosité,,1,3,donjon\v1\items\curiosity.png,"<b>Exécutez</b> un monstre, si vous n'avez aucun monstre du même <b>type</b> dans votre pile de monstres vaincus.",,
0,,,Tapis volant,,1,3,donjon\v1\items\carpet.png,"Fuyez le Donjon à tout moment, en defaussant un monstre de votre pile de monstres vaincus.",,
0,1,,Anneau Plussain,,0,5,donjon\v1\items\plusone.png,<b>PV + 1\nJet de fuite + 1\nPoints de Victoire + 1</b>,,
0,,,Masque maudit,,0,4,donjon\v1\items\cursed_mask.png,<b>PV + 7\n-1</b> à tous vos jets de dé\n(minimum 1).,,
0,,,Parfum régénérant,,1,2,donjon\v1\items\perfume.png,"Tous les joueurs peuvent gagner des PV, jusqu'à avoir au maximum 8 PV.",,
0,,,Griffes éclair,,0,1,donjon\v1\items\claws.png,"Quand vous <b>exécutez</b> un monstre, si la prochaine carte est un monstre de puissance 5 ou moins, <b>exécutez-le</b> aussi et passez votre tour.",,
0,,,Perle rare,,1,5,donjon\v1\items\pearl.png,"<b>Exécutez</b> et <b>défaussez</b> un monstre.\nSi cette carte est intacte à la fin de la partie, <b>+ 2 points de Victoire</b>.",,
0,,,Coupe des champions,,0,5,donjon\v1\items\champion.png,"<b>PV + 1</b>\nSi vous remportez la manche, gagnez 2 Médailles au lieu d'une.",,
0,1,,Canne à Chep,,1,3,donjon\v1\items\fishing_rod.png,<b>Gagnez 3 PV</b> et volez un objet à chaque joueur mort.,,
0,1,,Valises de cash,Donjon +,0,5,donjon\v1\items\cash.png,<b>Points de Victoire + 3</b>,,
0,,,Potion de surprise,level-up potion,1,2,donjon\v1\items\levelup.png,"Gagnez autant de PV que vos PV de héros. <b>Piochez</b> un nouvel objet, puis <b>défaussez</b> un objet.",,
0,1,,Corne d'abordage,,1,3,donjon\v1\items\horn.png,Perdez 1 PV et <b>volez un monstre</b> dans la pile de monstres vaincus de chaque joueur dans le Donjon.,,
0,1,,Masque à gaz,,1,3,donjon\v1\items\gasmask.png,<b>PV + 4</b>\nActivez pour <b>exécuter</b> et <b>défausser</b> un monstre (perdez les 4 PV).,,
0,1,,Pied de biche,,0,2,donjon\v1\items\deer_paw.png,"<b>PV + 3</b>\n<b>Exécutez</b> la <b>Mimique</b>, dans ce cas <b>piochez</b> un nouvel objet.",,
0,1,,Marmite gélatineuse,,0,2,donjon\v1\items\soup.png,"<b>PV + 3</b>\n<b>Exécutez</b> le <b>Limon glouton</b>, dans ce cas <b>piochez</b> un nouvel objet.",,
0,1,,Anneau volcanique,,0,1,donjon\v1\items\volcano.png,"<b>PV + 3</b>\nSi vous avez un <b>Dragon</b> dans votre pile de monstres vaincus, <b>exécutez</b> les <b>Golems</b>.",,
0,,,Araignée domestique,wizard king pet,0,4,donjon\v1\items\spider.png,"<b>PV + 2</b>\nQuand un joueur meurt, <b>volez 2 monstres</b> de sa pile de monstres vaincus.",,
0,,,Parchemin de ponçage,,1,1,donjon\v1\items\sandscroll.png,"<b>Exécutez</b> un monstre de puissance impaire, puis <b>défaussez</b> autant de cartes du Donjon que la puissance du monstre.",,
0,,,Bâton des ombres,,0,4,donjon\v1\items\dark_rod.png,<b>PV + 3</b>\nVous pouvez <b>cacher votre pile</b> de monstres vaincus jusqu'au décompte final (vous devez la montrer en cas d'interaction avec une autre règle).,,
0,1,,Dragoune,,0,4,donjon\v1\items\dragoune.png,"<b>PV + 3</b>\nSi vous avez <b>au moins 5</b> monstres dans votre pile de monstres vaincus, <b>exécutez</b> les <b>Dragons</b>.",,
0,1,,Casque à cornes,,0,1,donjon\v1\items\helmet.png,"<b>Exécutez</b> et <b>défaussez</b> les deux premiers monstres qui devraient vous infliger des dommages. Puis, <b>brisez</b> cet objet.",,
0,,,Bagouze du parrain,,0,5,donjon\v1\items\bagouze.png,"<b>PV + 2</b>\nSi vous avez exactement <b>4 objets</b> intacts au décompte final,\n<b>Points de Victoire + 2</b>",,
0,1,,Kit vaudou,,1,4,donjon\v1\items\voodoo_kit.png,"<b>Exécutez</b> un monstre, si vous avez <b>moins de 7 PV</b>.",,
0,1,,Esprit du Donjon,,1,3,donjon\v1\items\dungeon_spirit.png,Les autres joueurs doivent remettre <b>2 monstres</b> de leur pile de monstres vaincus dans le Donjon. Mélangez-le.,,
0,1,,Marteau de combat,,0,1,donjon\v1\items\hammer_golem.png,<b>Exécutez</b> les <b>Golems</b>.,,
0,,,Taser manuel,,1,2,donjon\v1\items\taser.png,"<b>Exécutez</b> un monstre. Si à la fin de votre tour, vous êtes toujours dans le Donjon, <b>défaussez-le</b>.",,
0,1,,Sceptre actif,,0,3,donjon\v1\items\active.png,"<b>PV + 2</b>\nQuand vous activez ou brisez un objet, <b>gagnez 2 PV</b>.",,
0,1,,Épée magique aléatoire,,0,2,donjon\v1\items\random_sword.png,"Avant d'entrer dans le Donjon, lancez un dé.\n<b>1 - 2:</b> <b>Exécutez</b> les monstres de puissance 5\n<b>3 - 4:</b> <b>Exécutez</b> les monstres de puissance 6\n<b>5 - 6:</b> <b>Exécutez</b> les monstres de puissance 7",,
0,,,Barbecue du Ponceur,soul potion,1,1,donjon\v1\items\bbq.png,"<b>Défaussez</b> un monstre de votre pile de monstres vaincus, et gagnez autant de PV que sa puissance.\n(un X vaincu vaut 0)",,
0,1,,Fausse couronne,,0,2,donjon\v1\items\fake_crown.png,<b>PV + 3</b>\nRéduisez les dommages de 1 contre les monstres de puissance paire.,,
0,1,,Cape vaudou,,1,4,donjon\v1\items\voodoo_cape.png,"<b>Exécutez</b> et <b>défaussez</b> un monstre, et fixez vos PV au même nombre que sa puissance.",,
0,1,,Grimoire inconnu,,0,4,donjon\v1\items\unknown_book.png,"Au début de votre tour, vous pouvez lancer un dé. Sur un 6, <b>piochez un objet</b>.",,
0,1,,Arbalète trop grosse,,1,1,donjon\v1\items\crossbow.png,<b>Exécutez</b> un monstre dont la puissance est <b>supérieure</b> à vos PV.,,
0,1,,Chapeau stylé,,0,2,donjon\v1\items\hat.png,"<b>PV + 2</b>\nAu décompte final, en cas d'égalité entre plusieurs gagnants, <b>vous remportez la manche</b>.",,
0,1,,Bouclier caméléon,,0,2,donjon\v1\items\cameleon.png,"<b>Exécutez</b> les monstre de puissance <b>6 ou plus</b>, dans ce cas <b>perdez 2 PV</b>.\n<b>Jet de fuite -1</b>",,
0,1,,Bouclier de l'inventeur,,1,3,donjon\v1\items\genius_shield.png,"<b>Exécutez</b> et <b>défaussez</b> un monstre, puis piochez un nouvel objet.",,
0,1,,Yo-yo protecteur,,1,3,donjon\v1\items\yoyo.png,"<b>Exécutez</b> un monstre de puissance paire, puis lancez un dé. Sur <b>4 ou plus</b>, réparez immédiatement cet objet.",,
0,1,,Chameau,,1,1,donjon\v1\items\camel.png,"Si vous vous êtes le joueur dans le Donjon qui a le moins de PV,\n<b>gagnez 6 PV</b>.",,
0,,,Concentré de fun,,1,1,donjon\v1\items\fun_potion.png,"<b>Survivez</b> avec vos PV de héros.\nSi la carte <b>Traquenard</b> est dans la défausse, remettez-la sur le Donjon.",,
0,1,,Fer à cheval,,0,5,donjon\v1\items\horseshoe.png,"Quand vous lancez un dé, vous pouvez le relancer une fois (conservez le second résultat).",,
0,,,Rose d'or,golden burger,1,5,donjon\v1\items\rose.png,"Gagnez 3 PV.\nSi cette carte est intacte à la fin de la partie, <b>Points de Victoire + 2</b>.",,
0,,,Potion d'escampette,escape potion,1,2,donjon\v1\items\escape_potion.png,Gagnez 3 PV.\n<b>Jet de fuite + 4</b> jusqu'à la fin de votre tour.,,
0,,,Lanterne chromatique,extension bastien,0,4,donjon\v1\items\lantern_b.png,<b>PV + 1</b>\n<b>Exécutez</b> les monstres de <b>puissance</b> égale au nombre de <b>couleurs</b> différentes dans vos objets intacts ou brisés.,,
0,1,,Epee mystique,extension bastien,0,2,donjon\v1\items\sword_b.png,<b>Jet de fuite + 4</b>\n<b>Exécutez</b> les monstres dont la puissance est égale à votre bonus de fuite.,,
0,1,,Potion de feu liquide,,1,1,donjon\v1\items\fire_potion.png,"<b>Exécutez</b> et <b>défaussez</b> un monstre. Quand vous rencontrez un <b>Dragon</b>, <b>réparez</b> cet objet.",,
0,1,,Randotion,,1,3,donjon\v1\items\randotion.png,"Lancez 2 fois le dé, gagnez autant de PV. puis lancez le dé une troisième fois. Perdez autant de PV.",,
0,1,,Bouclier cassé,,0,1,donjon\v1\items\broken_shield.png,"Contre les monstres de puissance <b>6 ou plus</b>, lancez un dé. Réduisez d'autant les dommages.",,
0,1,,Ankh de réincarnation,,1,4,donjon\v1\items\ankh.png,"<b>Survivez</b> avec 1 PV. Quand un autre joueur meurt, <b>réparez</b> cet objet.",,
0,,,Montre du Lapin blanc,,0,5,donjon\v1\items\watch.png,<b>PV + 4</b>\nPassez votre premier tour.,,
0,,,Calumet de la paix,,1,3,donjon\v1\items\calumet.png,<b>Exécutez</b> un monstre et passez votre tour.,,
0,,,,ajouter 1 item rouge et 1 violet pour remplacer les 2 bugges,,,,,,
0,,,Glaive d'argent,,0,4,donjon\v1\items\silver_sword.png,"<b>Exécutez</b> les <b>Vampires</b>.\nSi vous avez déjà un Vampire dans votre pile de monstres vaincus, <b>gagnez 4 PV</b>.",,
0,1,,Gants de combat,,1,1,donjon\v1\items\fighting_gloves.png,"<b>Exécutez</b> un monstre de puissance <b>2 ou moins</b>, puis <b>piochez</b> un objet.",,
0,,,,encore 10 de plus ? 2 de chaque,,"il faut des trucs contre les vampires, ya que dalle",,,,
0,,,,,,,,,,
0,,,,,,,,,,
0,,,,,,,,,,
0,,,,3eme edition,,,,,,
0,,,Faucille communiste,,1,5,donjon\v1\items\sickle.png,"Calculez le total des <b>PV</b> des joueurs, partagez-le équitablement.\nLes excédents sont perdus.",,
0,,,Horloge maudite,,0,3,donjon\v1\items\cursed_clock.png,"<b>PV + 3</b>\nAu début de votre tour, vous pouvez perdre <b>1 PV</b> pour <b>passer</b> votre tour.",,
0,1,,Gants de Gaïa,,1,2,donjon\v1\items\gaia_glove.png,"<b>Défaussez</b> jusqu'à deux objets déjà brisés, et <b>piochez</b> autant d'objets.",,
0,,,,,,,donjon\v1\items\blue_torch.png,,,
0,,,,4eme edition,,,,,,
0,,,Porte-Boules du Ponceur,,0,1,donjon\v1\items\balls.png,"A la fin du tour, si vous avez vaincu au moins 5 monstres ce tour-ci, gagnez <b>5 PV</b>",,
0,,,Potion X,,1,2,donjon\v1\items\potionx.png,"Piochez un héros supplémentaire, gagnez ses PV de base et son pouvoir.",,
0,1,,Chapelet de Vitalité,,0,4,donjon\v1\items\chaplet.png,"<b>PV + 3</b>\nAu début de votre tour,\nlancez un dé.\nSur un 6, gagnez <b>1 PV</b>.",,
0,,,Chevalière du Roi des Pirates,,1,4,donjon\v1\items\signet_ring.png,"<b>Exécutez</b> un monstre et gagnez <b>3 PV</b>.\nQuand cet objet est <b>brisé</b>, ne lancez plus de dé: <b>tous vos jets de dé font 1.</b>",,
0,1,,Masque de l'Inquisiteur,,0,5,donjon\v1\items\inquisitor_mask.png,"<b>PV + 2</b>\nA la fin du tour, si vous avez exactement <b>2, 4 ou 8 PV<b>,\n<b>gagnez 2 PV</b>.",,
0,,,Tatouage du Ponceur,,0,1,donjon\v1\items\slayer_tattoo.png,<b>PV + 8</b>\nVous ne pouvez <b>jamais</b> gagner de <b>PV</b>.,,
0,,,Potage Improvisé,,1,2,donjon\v1\items\potage.png,"<b>Défaussez</b> un monstre de votre pile, puis gagnez autant de <b>PV</b> qu'il y a de monstres dans votre pile.",,
0,1,,Boîte de Pandore,,1,3,donjon\v1\items\pandoras_box.png,Gagnez <b>3 PV</b>.\nTous les joueurs\n<b>piochent un objet</b>.,,
0,,,La Cloche du Déjà-Vu,alternateur temporel,1,4,donjon\v1\items\dejavu.png,Gagnez <b>2 PV</b>.\nRemettez un monstre de la défausse ou de votre pile de monstres sur le dessus du Donjon.,,
0,,,Forge Portative,forge,0,5,donjon\v1\items\forge.png,"Quand un joueur\n<b>brise</b> un objet,\n<b>gagnez 1 PV</b>.",,
0,1,,Pare-Buffle du Ponceur,parre buffle,0,1,donjon\v1\items\bullbar.png,Réduisez les dommages de 4 contre les monstres de puissance <b>6 ou plus</b>.,,
0,,,Cape d'invisibilité,,1,2,donjon\v1\items\invis_cape.png,"<b>Exécutez</b> un monstre de puissance 6 ou plus.\nSi la carte suivante est aussi un monstre de puissance 6 ou plus, <b>exécutez-le</b>.",,
0,,,Slip de la Résurgence,,0,3,donjon\v1\items\slip.png,"<b>PV + 1\nPV + </b>le nombre de vos\nobjets sans ""<b>PV +</b>"".",,
0,1,,Seringue du Docteur Fou,,1,4,donjon\v1\items\syringe.png,"Gagnez <b>10 PV</b>.\nQuand cet objet est <b>brisé</b>, quand vous <b>piochez</b> une carte, <b>perdez 1 PV</b>.",,
0,1,,Lame de l'Harmonie,,0,5,donjon\v1\items\harmony_blade.png,<b>Exécutez</b> un monstre si vous avez <b>exactement 1</b> monstre du meme type dans votre pile de monstres vaincus.,,
0,,,Aspis d'Héraclès,,1,1,donjon\v1\items\aspis.png,"<b>Exécutez</b> et <b>défaussez</b> un monstre. Si il est de puissance 7 ou plus, <b>gagnez 3 PV</b>.",,
0,,,Lanterne Absorbante,,1,2,donjon\v1\items\lantern.png,"<b>Défaussez</b> sans la jouer la carte du dessus du Donjon.\nSi c'est un monstre, ajoutez sa <b>puissance</b> à vos <b>PV</b>.\nSinon, ne brisez pas cet objet.",,
0,,,Talisman Incertain,,0,3,donjon\v1\items\talisman.png,"<b>PV + 2</b>\nUne fois par monstre, vous pouvez lancer le dé. Si vous obtenez un 6, <b>exécutez-le</b>.",,
0,1,,Arc du Néant,,0,4,donjon\v1\items\void_bow.png,"<b>PV + 7</b>\nA chaque tour, la première fois que vous <b>exécutez</b> un monstre, <b>perdez 1 PV</b>.",,
0,,,Exterminator,,0,5,donjon\v1\items\exterminator.png,<b>Exécutez</b> les <b>Dragons</b>\net les <b>Rats</b>.\n<b>Jet de fuite -2</b>,,
0,,,Maillet d'Argile,,0,1,donjon\v1\items\clay_mallet.png,<b>PV + 2</b>\n<b><b>Exécutez</b> et <b>défaussez</b> les <b>Golems</b>.,,
0,,,Concoction instable,,1,2,donjon\v1\items\unstable.png,"<b>Exécutez</b> un monstre.\nSi c'est votre 3ème tour, fixez vos <b>PV</b> au même nombre que sa <b>puissance</b>.\nA la fin de votre 3ème tour,\nbrisez cet objet.",,
0,,,Banane expérimentale,,1,3,donjon\v1\items\banana.png,"<b>Exécutez</b> un monstre, puis remettez au hasard une carte de votre de pile de monstres sur le dessus du Donjon.",,
0,1,,Dé du Tricheur,,0,3,donjon\v1\items\cheater_dice.png,"<b>PV + 3</b>\n<b>+1</b> à tous vos jets de dés, sauf si vous faites 5.",,
0,,,Coffre-Fuite,,0,5,donjon\v1\items\safe.png,<b>Exécutez</b> les <b>Rats</b>.\n<b>Jet de fuite + 2</b>\nVous ne pouvez pas perdre de carte de votre pile de monstres vaincus.,,
0,1,,Epaulette du Ponceur,,0,1,donjon\v1\items\shoulderpad.png,<b>PV + 4</b>\nRéduisez les\ndommages de 1\n<b>Jet de fuite -2</b>,,
0,,,Kit de Soin,,1,2,donjon\v1\items\healing_kit.png,"Après avoir subi des dommages contre un monstre, <b>gagnez 5 PV</b>.",,
0,,,Compas du Capitaine,,1,3,donjon\v1\items\compass.png,"<b>Exécutez</b> un monstre de puissance 7 ou moins, puis regardez secrètement la carte du dessus du Donjon.",,
0,,,Pelle du Fossoyeur,,0,4,donjon\v1\items\shovel.png,"Quand un monstre est défaussé, lancez un dé. Sur un 4 ou plus, ajoutez-le à votre pile de monstres.",,
0,,,Pâté d'Ange,,1,5,donjon\v1\items\angel_pate.png,Gagnez 7 PV.\nLes autres joueurs peuvent gagner <b>4 PV</b>.,,
0,1,,Fromage Puant,,1,1,donjon\v1\items\cheese.png,Gagnez autant de <b>PV</b> que la <b>puissance</b> du dernier monstre vaincu de votre pile.,,
0,,,Potion au Thé Vert,,1,2,donjon\v1\items\green_tea.png,Utilisation au début de votre tour. Gagnez <b>4 PV</b> et <b>passez</b> votre tour.,,
0,,,Urne Ensorcelée,,0,3,donjon\v1\items\urn.png,"Quand vous <b>éxecutez</b> un monstre, gagnez <b>1 PV</b>.",,
0,1,,Patins à Glace,,0,4,donjon\v1\items\ice_skates.png,"<b>PV + 3</b>\n<b>Jet de fuite + 3</b>\nSi vous obtenez un <b>jet de fuite</b> de 7 ou plus,\n<b>perdez 1 PV</b>.",,
0,,,Anneau des Squelettes,,0,5,donjon\v1\items\skeletton_ring.png,<b>Exécutez</b> les <b>Squelettes</b>.\nRéduisez les dommages de 4 contre les <b>Démons</b>.,,
0,,,v4b,,,,,,,
0,,,Cocktail Molotov,,1,1,donjon\v1\items\molotov.png,<b>Défaussez</b> sans les jouer 3 cartes du dessus du Donjon.\nAjoutez les <b>monstres</b> à votre pile de monstres vaincus.,,
0,1,,Coquille Salvatrice,,1,2,donjon\v1\items\coquille.png,<b>Survivez</b> avec <b>3 PV</b>,,
0,,,Main du Créateur,,1,3,donjon\v1\items\creators_hand.png,<b>Survivez</b> avec <b>2 PV</b>.\nDéfaussez le thème de Donjon de votre choix. Il prend fin immédiatement.,,
0,,,Botte de Pandore,,1,4,donjon\v1\items\pandoras_boot.png,Tous les joueurs\ngagnent <b>5 PV</b>.\nLes autres joueurs brisent un objet.,,
0,,,Œil du Maître,,0,5,donjon\v1\items\master_eye.png,"<b>PV + 3</b>\nQuand vous piochez un évènement, vous pouvez le défausser sans l'appliquer.",,
0,,,Griffes de l'Arracheur,,0,1,donjon\v1\items\pullers_claw.png,<b>Exécutez</b> les <b>Orcs</b>\net gagnez 3 PV.,,
0,1,,Plan presque parfait,,0,2,donjon\v1\items\perfect_plan.png,"<b>PV + 3</b>\nSi la carte suivant un <b>événement</b> est un monstre, <b>éxecutez-le</b>.",,
0,,,Scotch du Silencieux,,0,3,donjon\v1\items\scotch.png,<b>PV + 3</b>\nLes monstres de <b>puissance X</b> que vous affrontez sont toujours <b>puissance 0</b>,,
0,,,Oiseau de Mauvais Augure,,0,4,donjon\v1\items\bird.png,"Quand vous passez votre tour, regardez secrètement la première carte du Donjon, puis reposez-la au choix sur le <b>dessus</b> ou en <b>dessous</b> du Donjon.",,
0,1,,Sabre mécanique,,0,5,donjon\v1\items\mechanical_saber.png,<b>Exécutez</b> les <b>Gobelins</b> et les <b>Golems</b>.\n<b>Jet de fuite -1</b>,,
0,1,,Couronne en Mousse,,0,4,donjon\v1\items\foam_crown.png,Réduisez les dommages de 2. Cet objet se <b>brise</b> quand vous avez 7 monstres ou plus dans votre pile.,,
0,,,Torche en Mousse,,0,2,donjon\v1\items\foam_torch.png,<b>Exécutez</b> les monstres de puissance 3 ou moins.\nCet objet se <b>brise</b> quand vous avez 7 monstres ou plus dans votre pile.,,
0,1,,Champ de Force en Mousse,,0,3,donjon\v1\items\foam_forcefield.png,"Une fois par monstre, vous pouvez lancer le dé. Si vous obtenez un 5 ou plus, <b>exécutez-le</b>. Cet objet se <b>brise</b> quand vous avez 7 monstres ou plus dans votre pile.",,
0,1,,Katana en Mousse,,0,1,donjon\v1\items\foam_katana.png,<b>Exécutez</b> les monstres de puissance 7 ou plus.\nCet objet se <b>brise</b> quand vous avez 7 monstres ou plus dans votre pile.,,
0,1,,Graal en Mousse,,0,5,donjon\v1\items\foam_grail.png,<b>Exécutez</b> les monstres de puissance paire.\nCet objet se <b>brise</b> quand vous avez 7 monstres ou plus dans votre pile.,,
0,1,,Boulet de Canon,,1,1,donjon\v1\items\cannonball.png,<b>Exécutez</b> un monstre de puissance 6 ou plus.,,
0,1,,Potion ou Poison,,1,2,donjon\v1\items\potion_poison.png,"Gagnez <b>6 PV</b> puis lancez un dé. Si vous faites un 1, perdez <b>7 PV</b>.",,
0,,,Potion de Jouvence,,1,3,donjon\v1\items\youth_potion.png,Votre héros passe (ou reste) niveau 1. Gagnez deux fois vos PV de héros.,,
0,1,,Champignon Vénéneux,,1,4,donjon\v1\items\mushroom.png,<b>Exécutez</b> un monstre et perdez <b>1 PV</b>.,,
0,,,Parchemin d'XP,,1,5,donjon\v1\items\xp_scroll.png,Votre héros passe (ou reste) niveau 2. Gagnez autant de PV que vos PV de héros.,,
0,,,v5,,,,,,,
0,1,,Queue du Charognard,,0,1,donjon\v1\items\tail.png,<b>PV + 2</b>\n<b>Exécutez</b> les monstres dont la <b>puissance</b> est égale au <b>nombre de cartes</b> dans votre pile de monstres vaincus,,
0,,,Oeil du Changeforme,,0,2,donjon\v1\items\shapeshifter_eye.png,"Contre un monstre de puissance 6 ou plus, <b>piochez</b> une carte. Si c'est un monstre, vous pouvez <b>défausser</b> le premier pour <b>affronter</b> le second. Sinon <b>défaussez-la</b> sans la jouer.",,
0,1,,Midas de Bronze,,1,3,donjon\v1\items\bronze_midas.png,"<b>Exécutez</b> un monstre de puissance 4 ou moins, et ajoutez sa puissance à vos PV.",,
0,1,,Faux de la Mort,,0,4,donjon\v1\items\scythe.png,<b>PV + 2</b>\n<b>Exécutez</b> les monstres dont la <b>puissance</b> est égale\nà vos <b>PV</b>,,
0,,,Parfum de Scandale,,0,5,donjon\v1\items\scandale.png,"<b>PV + 1</b>\nSi vous remportez la manche, si un adversaire a une Médaille, au lieu d'en gagner une, volez-lui.",,
0,1,,Casque Berserk,,0,1,donjon\v1\items\berserk_helm.png,<b>PV + 7\nPerdez 1 PV</b> à chaque fois que vous subissez des dommages contre un monstre de puissance <b>3 ou moins</b>,,
0,,,Couteaux de lancer,,1,2,donjon\v1\items\throwing_knives.png,"<b>Exécutez</b> et <b>défaussez</b> un monstre. Puis, <b>défaussez 4 cartes</b> de votre choix du Donjon et mélangez-le.",,
0,,,Pierre de Pressentiment,,1,3,donjon\v1\items\foreboding_stone.png,"Utilisation avant de piocher. Gagnez 2 PV. Si vous piochez un monstre, vous <b>l'exécutez</b>. Sinon, <b>réparez</b> cet objet.",,
0,1,,Alliance Sanguine,,0,4,donjon\v1\items\blood_alliance.png,<b>PV + 1</b>\nSi vous avez <b>2 PV ou moins</b> réduisez les dommages de <b>3</b>,,
0,,,Toupie du Chaos,,0,5,donjon\v1\items\spinning_top.png,<b>PV + 4</b>\nVous pouvez <b>mélanger</b> le Donjon.,,
0,,,,,,,,,,
0,,,,,,,,,,
0,,,Cerveau auxiliaire,,0,2,donjon\v1\items\brain2.png,<b>Exécutez</b> les monstres dont vos PV sont <b>divisibles</b> par leur puissance.,,
0,,,Implant cérébral,,0,3,donjon\v1\items\implant.png,"<b>PV + 2</b>\nSi vous avez un <b>nombre premier</b> de PV, vous pouvez <b>perdre 2 PV</b> pour <b>exécuter</b> un monstre",,